studyArea,simObject,runID,gcm,ssp,gid
AB,simOutPreamble,,CCSM4,85,1_uE5DsjvSDmcRJxoNCs5izr2uYtGSImy
AB,simOutPreamble,,CNRM-ESM2-1,370,1BjUz090_-SKbksYm9FLteu2O439TDYR7
AB,simOutPreamble,,CNRM-ESM2-1,585,1buH-3F81U0i0cr-EgJrZKCSM7QDbJtSD
AB,simOutPreamble,,CanESM5,370,1R1VNi2-cenyMhFuidDIwuLzg4S1HG17h
AB,simOutPreamble,,CanESM5,585,1t7b-FsKeDTXJ4ut4VGvd23jkpRzzoVfm
AB,biomassMaps2001,,"",,1cU2e0GFE4Ti_E5vBQy9TTXU-mzRL3xjV
AB,biomassMaps2011,,,,1bMkZQnW4ELiy7la1etMAGFA7O33ooE-h
AB,biomassMaps2011,,"",,1bMkZQnW4ELiy7la1etMAGFA7O33ooE-h
AB,fSsimDataPrep,,"",,1qwEw_NvXfqpZSrILmT9ZOORRLXF6DuI3
AB,ignitionOut,,"",,1a_qSsjyNlb-NNMT63cNhn25u62MRwGRH
AB,escapeOut,,"",,1qv-wPPxljrjHVQRZ2V6Y2NsC8iQ9T-5i
AB,spreadOut,1,"",,1JAvixAy_ha3uVNiQ4ZI1ITwTBoNwNLoo
AB,spreadOut,2,"",,1adALylAQLR6M0f1SEcfKdIYZd53f9WhJ
AB,spreadOut,3,"",,1KKakL6lKkNZ8OkGItgh4tdv6iMPsXEha
AB,spreadOut,4,"",,1yi7qZtaiinpOOvaXfNrKMBVHsCsyuBbE
AB,spreadOut,5,"",,1yBYf-K-zClYtAve56UvfyRnyCyKpd0YI
AB,results,,"",,1Y3bMg0HgETSUni86aYCx5NbA2-FSPqqe
BC,simOutPreamble,,CCSM4,85,1edMzH3E4q1f7kdmdSRFcuEEE1MdegUWc
BC,simOutPreamble,,CNRM-ESM2-1,370,1PMUV3NKM0HPqW2qSvpw0SlbBSZOl5Woj
BC,simOutPreamble,,CNRM-ESM2-1,585,1jwamCYT86teTny5tgyLC963EyotZEqkj
BC,simOutPreamble,,CanESM5,370,1g0OR4cH_75X-05HpM_FgUDZdGve36bfk
BC,simOutPreamble,,CanESM5,585,1LCcITyf9Xk94fT2rFp7TdbMlCopd9Kiq
BC,biomassMaps2001,,"",,12iGj3nAgr5fdKidf5ru32A6voCVC-qQx
BC,biomassMaps2011,,"",,18xPAviLGUuN8XFINLBDmpAkKBh-C0ybV
BC,fSsimDataPrep,,"",,1fCvpQ7w6-jjyLB7kjKL6L5d1dfyOaIkJ
BC,ignitionOut,,"",,1KHqrLDetEPrcHXgbd5FvDXxrc4LOXBl_
BC,escapeOut,,"",,18Xmo72ZhDoDRXSv1BFrhBJp4sqQnbZsx
BC,spreadOut,1,"",,1_c-UEYiF9TZV4dTJw3IKjgbWOCCitT6e
BC,spreadOut,2,"",,1tZGciwz3u2iG7bi8rcVUEdVDJ93RJn0e
BC,spreadOut,3,"",,1tjdju_x39Tov8trSlxpqbV9D4KcTnYGx
BC,spreadOut,4,"",,119GLXdCSB727icfKvxDkVUW3iDOtXqyx
BC,spreadOut,5,"",,1V8F2Vd3dQNtoR_PuuvUdPtskig8cdLjC
BC,results,,"",,1-6KCdlNmIo2pupGpUSrWPKz8G9t4KLb2
MB,simOutPreamble,,CCSM4,85,1WznBdEwuo9lBK1xkOw9P84dKrcn3OasT
MB,simOutPreamble,,CNRM-ESM2-1,370,1Mq7tenlkP3ElMz3j9JO3quBgGnpN_Xac
MB,simOutPreamble,,CNRM-ESM2-1,585,1nZHD3gf555qkAFOQhGXgbL6WVGgzyOVl
MB,simOutPreamble,,CanESM5,370,1QwK3P_r5W0TNdhV7H4NbBhk3peEmYD9f
MB,simOutPreamble,,CanESM5,585,1iBJzBGpZiXP8xxC-mzniOEfiyXFCFuud
MB,biomassMaps2001,,"",,1PqeJWDh1ZBVHPokqJ9Hjmr0ZBEUbNHKi
MB,biomassMaps2011,,"",,1xC9pSM3P22106uN4XekTWlE7lpYgP5_I
MB,fSsimDataPrep,,"",,1CDV5a-0IXJA0cJWroqSmkJGJQBUTRSxS
MB,ignitionOut,,"",,1u7LBgwWi23YnpmN2xLdt8Og1tNHkS4xq
MB,escapeOut,,"",,1fYvOci3zofb4yRluiaTl6NrVFFa738Yc
MB,spreadOut,1,"",,1WPNtL23Pu8O2Q9gBAcokxQSdgbDxws-v
MB,spreadOut,2,"",,1ui15iVS8PG6k1K0zDm4RAtl2-BkGU2kd
MB,spreadOut,3,"",,18qffIh7JpjOBJJ9VJNCR0hdJ6N3obtuY
MB,spreadOut,4,"",,1_8QJkv1F68NjGudbDr5JaPHCtNIzwZnP
MB,spreadOut,5,"",,1uCODpd7u2N-Xt2l6ZUP1Wej7xr_yNKBu
MB,results,,"",,1-bSOnptvNm0uxv3BO3FD_jLs534vWkYL
NT,simOutPreamble,,CCSM4,85,1gx09K9gbBcKgV43-n3Le-u5_-8EQe4pr
NT,simOutPreamble,,CNRM-ESM2-1,370,173ONUMoxoXWAKm02i3HYLUc2LEgmEegl
NT,simOutPreamble,,CNRM-ESM2-1,585,1ASZTe5mRBL9llSmWp2hFJGQbQm6GR3Q5
NT,simOutPreamble,,CanESM5,370,1oAfubY-SLkR88mpGaBiQh-QfGzu8T8qw
NT,biomassMaps2001,,"",,1wAoje96tK15b8Ovg6gtR16HHCb4t_49A
NT,biomassMaps2011,,"",,1cSSbADBd-6LPBvnfbY8vefu8I4iFygsu
NT,fSsimDataPrep,,"",,1kla8pX3_QmPW3ZY_R8cdFQQah5NFc2-S
NT,ignitionOut,,"",,1t6kACGXLVfl_qxEPJ16-enjnbbSSW6f0
NT,escapeOut,,"",,1RNuOUxff8oQVHL6Gx7AWm2UJ4LwT0Nf_
NT,spreadOut,1,"",,1tjhVwZQTIS2ZVevvAdRUZes3-9I5etvw
NT,spreadOut,2,"",,1a5fKVvipaW38QNBeRpgc9Y-kieTbS8vc
NT,spreadOut,3,"",,1K7s00hcahSfHzHm1V5AxgaNNOazWpiPP
NT,spreadOut,4,"",,1Nc4NbrXJNKA6nbxme9Wms0CRxLyXcgJj
NT,spreadOut,5,"",,1GsqhsnG91KxftcOQjvysnyuqlDQmj1Nv
NT,results,,"",,1A4OJCDzGxVzdhNtuaV2xbjemoSUUm8fk
RIA,simOutPreamble,,CCSM4,85,17e6HBZlRAj27V4cwapm7WhtJZbY7quQt
RIA,biomassMaps2001,,"",,1aUdgIIxewXbj963vwc9lTmU5Y5TswRNj
RIA,biomassMaps2011,,"",,1gc-9A5KqJCdK0x1PEjTi_ZzL4VUQDjsD
RIA,fSsimDataPrep,,"",,1Lh8aCZX8zt7kCSY-vv9GqVfhS2CK-Jgv
RIA,ignitionOut,,"",,1hRYjTObyMd1T4kiO-bETgRuyEzn_miz_
RIA,escapeOut,,"",,1LLPdaVtPSCDuoookq8G1JWUzoGb3SHTW
RIA,spreadOut,1,"",,1pENeldxX2unvRlohuteCVjD3GCbqwHmQ
RIA,results,,"",,1jKtORmoJBJh6SNLqt7pbtcMY6Lb53X2S
SK,simOutPreamble,,CCSM4,85,1ZjbUFqaZZLV60WVPXaO2ZnMUepiU8ju9
SK,simOutPreamble,,CNRM-ESM2-1,370,1Cx-P6SEkkya7zA-K1Ss660a-pBlmmMuS
SK,simOutPreamble,,CNRM-ESM2-1,585,1bk2Yh1Qu-ulE1vgAhkQ0FxiLCbbcf_7O
SK,simOutPreamble,,CanESM5,370,17B31c401nCB-F2oZdrYjU-h_kXVBlXBV
SK,simOutPreamble,,CanESM5,585,1l9qO6VU9mAAf25klJXCpJwC0SkYaTv1Z
SK,biomassMaps2001,,"",,1iqBhXSeCJTMV331ufWjTQk7n-jMekN0s
SK,biomassMaps2011,,"",,1AxtVqPdoV1NJ_UUhIjnwrygGCIpTMann
SK,fSsimDataPrep,,"",,1d8LBNwbKQ9NRxr8laFctLJGbplqcwpFa
SK,ignitionOut,,"",,1p-tuk10npiGU4-doLmk5d_xmMgLb8uli
SK,escapeOut,,"",,1DZVT7q5ST1sHlHPUW04u0SOADJOqZOn_
SK,spreadOut,1,"",,1Udl-xhITPBfE5L8dkn0z8LdHCCkpjJoR
SK,spreadOut,2,"",,1fXGZT5GlFkusEcs3-XytGMwq01IJRRGt
SK,spreadOut,3,"",,1hBZu9OFlP-B0iQd9yV8uZEQzBrr4hnsy
SK,spreadOut,4,"",,1Q40_ooX_KR3sRQLL4QSIOOOGsdcRL5Vm
SK,spreadOut,5,"",,17T-1OOigX68m6qXP44LliifAUp0ONsbm
SK,results,,"",,1-yVUS0WlOM3sAxDkaQjluRtv1Y19okYQ
YT,simOutPreamble,,CCSM4,85,1U1UHf7lWEiBjtc51Lftn-He56S2MIjk6
YT,simOutPreamble,,CNRM-ESM2-1,370,1XCGbHdaXr-rWfC1tU_J_GZQm-kybyULs
YT,simOutPreamble,,CanESM5,370,1wop2m_Zm0Dw8gewz_m8WiLo53Fzvjhku
YT,biomassMaps2001,,"",,165N8zzQa0IxZHLZMjhYZbQ85K1Ca12aW
YT,biomassMaps2011,,"",,1gMFRn3NBEUNhMg43cJSH6GLcgQ-PYXqc
YT,fSsimDataPrep,,"",,1Gkkzet1rIUF4Ahc8aSB3dQwSeCCdSxKR
YT,ignitionOut,,"",,1F5MltQqX6eEvh00ApL15i5fRjbp69qXc
YT,escapeOut,,"",,1EGlPDzu6BSlW2cj7otNnlZf4JBqzKm-J
YT,spreadOut,1,"",,1m0Zuov89Kd2j6lI_r8VTDHcLa_-1hS4e
YT,spreadOut,2,"",,1Pbubmqv6EHE3PDoTRHDxI1GPhQWJboV5
YT,spreadOut,3,"",,17-4p8dzCQIARc-pJKP8ER9foSp0O7HQO
YT,spreadOut,4,"",,1QMVycimmVgBbjwsCuGFm1vG-2Gouf9hf
YT,spreadOut,5,"",,1kJF-EIWiNSm7m4VueHW5pshJnjBw06We
YT,results,,"",,1M3jUbrZMIIfrL7-QQCItQ2T_vteBTeAj
